program,outcome,information,plants,base_rate,auc,top_decile_rate,auc_own_water_same_plants,auc_own_program_same_plants
air,any air violation,own water history,2101,0.3507853403141361,0.6160620849365542,0.5053763440860215,0.6160620849365542,0.7161353987195455
air,any air violation,same-state siblings' water history,987,0.3343465045592705,0.6253194040865274,0.5247524752475248,0.6601494396014944,0.7228310502283105
air,any air violation,other-state siblings' water history,1894,0.3590285110876452,0.5222368931097975,0.3193717277486911,0.6149487595697257,0.7125872177536583
air,any air violation,firm (all siblings') water history,2101,0.3507853403141361,0.5591827254025792,0.36492890995260663,0.6160620849365542,0.7161353987195455
air,any air violation,own program history,2101,0.3507853403141361,0.7161353987195455,0.7835497835497836,0.6160620849365542,0.7161353987195455
air,any air violation,same-state siblings' program history,987,0.3343465045592705,0.6875098012084313,0.7070707070707071,0.6601494396014944,0.7228310502283105
air,any air violation,other-state siblings' program history,1894,0.3590285110876452,0.5785056691539878,0.4473684210526316,0.6149487595697257,0.7125872177536583
air,any air violation,firm (all siblings') program history,2101,0.3507853403141361,0.621804832144264,0.5231481481481481,0.6160620849365542,0.7161353987195455
air,any high priority air violation,own water history,2101,0.11756306520704426,0.6272574016569928,0.21505376344086022,0.6272574016569928,0.75025767680341
air,any high priority air violation,same-state siblings' water history,987,0.10638297872340426,0.6388025051290357,0.19801980198019803,0.6837058632977,0.7679516250944822
air,any high priority air violation,other-state siblings' water history,1894,0.117740232312566,0.5406056361084499,0.08376963350785341,0.6214935338523426,0.7433587470782245
air,any high priority air violation,firm (all siblings') water history,2101,0.11756306520704426,0.5857288541243575,0.14691943127962084,0.6272574016569928,0.75025767680341
air,any high priority air violation,own program history,2101,0.11756306520704426,0.75025767680341,0.3939393939393939,0.6272574016569928,0.75025767680341
air,any high priority air violation,same-state siblings' program history,987,0.10638297872340426,0.7064301911240687,0.26262626262626265,0.6837058632977,0.7679516250944822
air,any high priority air violation,other-state siblings' program history,1894,0.117740232312566,0.6395729846792957,0.2,0.6214935338523426,0.7433587470782245
air,any high priority air violation,firm (all siblings') program history,2101,0.11756306520704426,0.6656960112504313,0.25462962962962965,0.6272574016569928,0.75025767680341
rcra,any RCRA violation,own water history,2180,0.30642201834862387,0.6149823369134746,0.48771929824561405,0.6149823369134746,0.7441065290054811
rcra,any RCRA violation,same-state siblings' water history,992,0.2772177419354839,0.5817573221757322,0.39,0.6484214530239635,0.7472727272727273
rcra,any RCRA violation,other-state siblings' water history,1982,0.31634712411705346,0.542819729632703,0.40703517587939697,0.6111154269437431,0.7472501280036724
rcra,any RCRA violation,firm (all siblings') water history,2180,0.30642201834862387,0.5678221929157558,0.37272727272727274,0.6149823369134746,0.7441065290054811
rcra,any RCRA violation,own program history,2180,0.30642201834862387,0.7441065290054811,0.7828054298642534,0.6149823369134746,0.7441065290054811
rcra,any RCRA violation,same-state siblings' program history,992,0.2772177419354839,0.694053505768987,0.55,0.6484214530239635,0.7472727272727273
rcra,any RCRA violation,other-state siblings' program history,1982,0.31634712411705346,0.6530776791021499,0.5317460317460317,0.6111154269437431,0.7472501280036724
rcra,any RCRA violation,firm (all siblings') program history,2180,0.30642201834862387,0.668439410860818,0.55,0.6149823369134746,0.7441065290054811
rcra,any RCRA significant noncomplier,own water history,2180,0.06880733944954129,0.5863316912972085,0.11228070175438597,0.5863316912972085,0.8012495894909688
rcra,any RCRA significant noncomplier,same-state siblings' water history,992,0.06350806451612903,0.5463717600423736,0.08,0.6351769268884446,0.8080800314384814
rcra,any RCRA significant noncomplier,other-state siblings' water history,1982,0.07013118062563067,0.5743782619048549,0.12562814070351758,0.5867603258684425,0.8072016613513313
rcra,any RCRA significant noncomplier,firm (all siblings') water history,2180,0.06880733944954129,0.5959852216748769,0.12272727272727273,0.5863316912972085,0.8012495894909688
rcra,any RCRA significant noncomplier,own program history,2180,0.06880733944954129,0.8012495894909688,0.3167420814479638,0.5863316912972085,0.8012495894909688
rcra,any RCRA significant noncomplier,same-state siblings' program history,992,0.06350806451612903,0.6565260478069951,0.17,0.6351769268884446,0.8080800314384814
rcra,any RCRA significant noncomplier,other-state siblings' program history,1982,0.07013118062563067,0.6646986263403818,0.1626984126984127,0.5867603258684425,0.8072016613513313
rcra,any RCRA significant noncomplier,firm (all siblings') program history,2180,0.06880733944954129,0.6606403940886699,0.16666666666666666,0.5863316912972085,0.8012495894909688
water,any effluent violation,own water history,2628,0.6533485540334856,0.8275797586861418,0.9782608695652174,0.8275797586861418,0.8275797586861418
water,any effluent violation,same-state siblings' water history,1328,0.6423192771084337,0.6707336336151046,0.8208955223880597,0.809756278151416,0.809756278151416
water,any effluent violation,other-state siblings' water history,2362,0.6642675698560542,0.5708405366587983,0.7130801687763713,0.8316644122367722,0.8316644122367722
water,any effluent violation,firm (all siblings') water history,2628,0.6533485540334856,0.6215362996879529,0.7718631178707225,0.8275797586861418,0.8275797586861418
