program,dimension,group,plants,chronic_plants,mean,own,own_se,sibling,sib_se,equality_of_own_p
air,major status,NPDES major,813,467,0.5375153751537516,0.2611549296905239,0.03584474651813328,-0.036862196658846755,0.0456697731038978,0.35018008492695507
air,major status,NPDES non-major,4339,547,0.24913574556349388,0.2206164806480428,0.023718057047790897,0.007522021921756482,0.014849002070050403,0.35018008492695507
air,sector,manufacturing,4400,875,0.30272727272727273,0.22367915576180392,0.02136080559161227,0.011389326616641845,0.014842044261444988,0.003153425378302475
air,sector,mining and extraction,83,22,0.2289156626506024,-0.03514349228198564,0.06601070304501237,0.09507648036981424,0.08429674530076715,0.003153425378302475
air,sector,other or unknown,344,37,0.17151162790697674,0.17835307033493267,0.07760037420159843,-0.07546718434720735,0.04854565515009445,0.003153425378302475
air,sector,utilities,325,80,0.3323076923076923,0.2248289829131926,0.07790983102720318,-0.02147910027355233,0.065026061478241,0.003153425378302475
air,firm size,16+ plants,1790,351,0.2759776536312849,0.23429385492598995,0.03577162042565433,0.06360103812087384,0.024939477147372522,0.429160564245206
air,firm size,3-5 plants,1378,268,0.29680696661828737,0.26049151866302844,0.03218679489808941,-0.005621867226136912,0.02462764450092405,0.429160564245206
air,firm size,6-15 plants,1984,395,0.30997983870967744,0.20664982416389147,0.028257637827135095,0.005410271797817263,0.023177240655723907,0.429160564245206
rcra,major status,NPDES major,807,462,0.5625774473358116,0.19901095291286225,0.03517351333991014,-0.05366723423279343,0.045388653964770063,0.5939234340006583
rcra,major status,NPDES non-major,4874,561,0.2977020927369717,0.2198191095817965,0.019731868818592836,-0.02399674662450757,0.013533273806966182,0.5939234340006583
rcra,sector,manufacturing,4876,881,0.34782608695652173,0.2050728291103994,0.01896478877736962,-0.01827865061796607,0.013233432460961257,0.976442031261851
rcra,sector,mining and extraction,78,20,0.2564102564102564,0.2548704512442077,0.11968527427211462,-0.08087500956789934,0.1054528520690407,0.976442031261851
rcra,sector,other or unknown,410,43,0.3097560975609756,0.2017854988776207,0.06987448976882182,-0.11164642033427967,0.06805067573062933,0.976442031261851
rcra,sector,utilities,317,79,0.19558359621451105,0.19424892853500098,0.06490297317148248,-0.06838853221444265,0.05224028287916732,0.976442031261851
rcra,firm size,16+ plants,1865,346,0.2949061662198391,0.19645378215912312,0.0278262463486372,-0.0017753689534616632,0.030572328151216036,0.1578794052719681
rcra,firm size,3-5 plants,1614,284,0.3618339529120198,0.254974862154622,0.027325105171770458,0.014592450078634562,0.021752605390737412,0.1578794052719681
rcra,firm size,6-15 plants,2202,393,0.35013623978201636,0.1898374990980676,0.028796058313794837,-0.027440904776972044,0.020728901038153762,0.1578794052719681
