radius_miles,outcome,mean,sd,n,own,own_se,sibling,sib_se,own_firmFE,own_firmFE_se,own_firm_stateFE,own_firm_stateFE_se,own_firm_stateFE_density,own_firm_stateFE_density_se,water_rate_firmFE,water_rate_firmFE_se
1,low_income,35.40514370136019,16.007548712848678,7197,-0.7211807669862906,0.5890672380255071,0.5853097371414175,0.571194684716337,-1.3313225990328907,0.6383974856458343,-1.0125141768717698,0.6171300358042255,-0.4053559252578022,0.5849860714413991,-1.1648339327205242,0.8894655116074213
1,poverty,15.878020129536527,10.47846644768928,7197,-0.2748561902954695,0.3884240749507984,0.13589915736508462,0.3361918973219104,-0.673873491980811,0.44176625735138564,-0.4642094594858058,0.42801918152712565,-0.047848060556697075,0.40545257285852077,-0.803336768709408,0.6032108899992
1,poc,37.58135493241409,27.549754525459072,7197,-4.60596467160966,1.072258367261946,2.1538816974039823,1.0628290220572436,-5.290143691734026,1.1363774318785103,-1.8379697578438217,0.9567518684369791,-0.15903359788781946,0.8211928894731033,-8.588125963207379,1.466718332176974
1,log_density,6.13006074280676,1.6609440309680326,7197,-0.3955944623067545,0.07419357496105396,-0.17094925517775145,0.07185633342098674,-0.33744960682651826,0.07604284839299043,-0.26268481663033727,0.06970694505525338,,,-0.6363140442356675,0.09134281898467486
3,low_income,34.61679471035263,13.035669605438773,7210,-0.41397644528323113,0.48314776829897815,0.35611815755761483,0.5157897157813216,-0.8452934728465724,0.5447992141561774,-0.519075264760437,0.49424948347673076,-0.24503914581947817,0.4864726113045855,-0.7734788075777709,0.7476652017670935
3,poverty,15.433355270783585,8.082778135074145,7210,-0.11350745176187274,0.3075031603058498,0.2437419852710398,0.28983922120666167,-0.3757051630227156,0.3546848952033812,-0.15095229614814565,0.32196332860048027,0.08272038064453704,0.31426920723636004,-0.3141001745761413,0.45656746212009625
3,poc,37.27351312450446,25.31081931373167,7210,-3.5095316033158652,0.9886314039623728,1.9457896930951522,0.9976513310375225,-4.0804196315800985,1.019896225433999,-0.9102554710415394,0.8293706348863802,0.5826456948222262,0.6965642387313338,-6.933642307937951,1.3592198123683141
3,log_density,6.29416963862088,1.6059912409554897,7210,-0.37367682809505387,0.0718848647703255,-0.11305501915248181,0.07546881410738723,-0.3019357410531584,0.07130733540860633,-0.2190382111940222,0.06446277839398909,,,-0.6158628575633367,0.0885732558744937
5,low_income,33.63950672622364,11.461889069295053,7210,-0.06597860784089787,0.43139616331383673,0.327868749743445,0.47176681746172694,-0.3752392901032814,0.4773749168461668,-0.06368729024930198,0.4209893525132523,-0.009532968373626743,0.42161984346133974,-0.08194891438672844,0.6428034864998664
5,poverty,14.938044589736437,6.915426129490006,7210,0.06627807858598618,0.26408255173300743,0.224718447459772,0.2591783750188727,-0.1288301014200022,0.2901811938135889,0.06078483168259025,0.25863355320132003,0.14431611059246205,0.25664690598289025,0.08468780732230383,0.3813321879801639
5,poc,36.54607625445858,23.86622291560502,7210,-2.864186386284926,0.9626247601705673,2.019282836608411,0.974404562591133,-3.3103967560854506,0.9573612470970384,-0.2985221363708099,0.7580322622953496,0.719570432865025,0.6257856303225725,-5.8288594909386475,1.254278809475136
5,log_density,6.202430878475901,1.5957696755755373,7210,-0.3381167501459691,0.071481253354367,-0.06910747896651209,0.07881448284415471,-0.2515450163259728,0.07031489689637979,-0.1516350373334703,0.06340939865424892,,,-0.5644597545222327,0.08714975031272035
