group,radius_miles,low_income,poverty,poc,log_density,plants
chronic water violator,1,35.09648503493662,15.831375463039763,33.1446497705141,5.587256261583616,1158
firm with no chronic plant,1,35.036057042432454,15.755712748489191,37.63005787977611,6.355679163666395,2368
non-chronic sibling,1,35.74059015847251,15.971629065010061,38.94947696949579,6.1557494294482185,3671
chronic water violator,3,34.46354001049452,15.454897048807368,33.78164124185065,5.8150424392938564,1163
firm with no chronic plant,3,34.375765644293054,15.239125275649586,37.26364134519613,6.47910709695322,2371
non-chronic sibling,3,34.820743331561076,15.551817248645674,38.38462655983265,6.3264705687382214,3676
chronic water violator,5,33.78714782985711,15.080597236552894,33.77959224200748,5.780099066530252,1163
firm with no chronic plant,5,33.37211229648211,14.744284356532136,36.33723545720413,6.352494680046435,2371
non-chronic sibling,5,33.76526450353359,15.017918579039991,37.55602795107744,6.239256401808068,3676
