group,event_time,coef,se
all siblings,-3,-0.014242925119146379,0.013895571609434205
all siblings,-2,0.0054483307478667,0.01462183990018878
all siblings,-1,0.0,0.0
all siblings,0,0.0019252914475684922,0.011388085255306
all siblings,1,0.011287317660805481,0.011674451196391988
all siblings,2,-0.0074442117146076925,0.013669682216481703
all siblings,3,0.008124847229435423,0.015045504533664007
enforced plant,-3,-0.08337101562503599,0.02991956074555539
enforced plant,-2,-0.0571256486341306,0.02848375797775943
enforced plant,-1,0.0,0.0
enforced plant,0,0.041360029257382164,0.026599383201203326
enforced plant,1,-0.031992203585442976,0.02912253629882007
enforced plant,2,-0.026526774961743077,0.03245286908800545
enforced plant,3,-0.03988993067607172,0.03286550214330815
"siblings, other state",-3,-0.01638707912908267,0.01512168162475425
"siblings, other state",-2,-0.0012548460856942026,0.014944226500701168
"siblings, other state",-1,0.0,0.0
"siblings, other state",0,0.008259923080778744,0.012557636143302815
"siblings, other state",1,0.006188750724698781,0.012152339573615839
"siblings, other state",2,-0.010151952381593197,0.014754530199101395
"siblings, other state",3,0.014502224479513997,0.016431866447109277
"siblings, same state",-3,-0.005943498421663266,0.029625508572452
"siblings, same state",-2,0.03663996843241343,0.03539821640490327
"siblings, same state",-1,0.0,0.0
"siblings, same state",0,-0.026180578773881937,0.029393478025969633
"siblings, same state",1,0.03399536500226016,0.035179455393281885
"siblings, same state",2,0.0044616906082258325,0.03318277082855332
"siblings, same state",3,-0.01730991715928082,0.030834518432093682
