outcome,contrast,estimate,ci_low,ci_high
"water, raw","T1 sib: same minus different state, <=200 km",0.1764425268880975,0.07145750096901482,0.26207188480512444
"water, raw","T1 sib: same minus different state, <=100 km",0.2664372433556338,0.11191233871187344,0.4479900320078739
"water, raw","T1 unrel: same minus different state, <=200 km",0.094010741898438,0.07110878852904101,0.12210850920531789
"water, raw","T1 unrel: same minus different state, <=100 km",0.13555439162785007,0.09617759306370426,0.18096720549821174
"water, raw","T2 sibling minus unrelated, same state, <=100 km",0.19826742340066747,0.12689068978388046,0.2525069104789313
"water, raw","T2 sibling minus unrelated, same state, 100-400 km",0.11698725877173541,0.05526308637628882,0.16594527392766545
"water, raw","T2 sibling minus unrelated, same state, >400 km",0.0784809364393091,-0.029462334073355616,0.20315769339379475
"water, raw","T2 sibling minus unrelated, different state, <=100 km",0.06738457167288378,-0.09061101159981112,0.19322572587639678
"water, raw","T2 sibling minus unrelated, different state, 100-400 km",0.10308880788297937,0.05673869108969324,0.1587338741265739
"water, raw","T2 sibling minus unrelated, different state, >400 km",0.06628292358023623,0.03255363265878135,0.10165140961517782
"water, raw",T3 sibling premium (all states) <=100 km minus >400 km,0.12835053540587132,0.07231344599778392,0.17885702912815346
"water, raw","T3 sibling premium, same state, <=100 km minus 100-400 km",0.08128016462893206,0.017828937234444637,0.15014365260489423
"water, raw","T3 sibling premium, different state, <=100 km minus >400 km",0.001101648092647553,-0.15795924945902967,0.14928626534680736
"water, raw",level: sibling same state <=100 km,0.3674263733446615,0.29699218297692126,0.42208170403802525
"water, raw",level: sibling different state <=100 km,0.10098912998902773,-0.0661301370084967,0.2388541884034342
"water, raw",level: unrelated same state <=100 km,0.16915894994399402,0.13202651004322077,0.20873733959499233
"water, raw",level: unrelated different state <=100 km,0.03360455831614396,0.005500824686851249,0.059979510215854556
"water, raw",level: sibling same state >400 km,0.17254609745663985,0.06466912753078373,0.280798452052999
"water, raw",level: sibling different state >400 km,0.05960030409813899,0.025282204208413865,0.09464184000427887
water x air,"T1 sib: same minus different state, <=200 km",0.13530919956249696,0.062313019053350946,0.2133208404398656
water x air,"T1 sib: same minus different state, <=100 km",0.14169071869974986,0.013785491927586244,0.26656876929203477
water x air,"T1 unrel: same minus different state, <=200 km",0.04330445756244854,0.013812657829301727,0.07546906557792647
water x air,"T1 unrel: same minus different state, <=100 km",0.07694394252635388,0.032518654808972494,0.11408581337500803
water x air,"T2 sibling minus unrelated, same state, <=100 km",0.1349400809308942,0.07468079722629488,0.19842186501553163
water x air,"T2 sibling minus unrelated, same state, 100-400 km",0.11894310450162379,0.05409164487344439,0.1937703489583727
water x air,"T2 sibling minus unrelated, same state, >400 km",0.18645184188482242,0.017330335941443314,0.3495209311703788
water x air,"T2 sibling minus unrelated, different state, <=100 km",0.07019330475749826,-0.025966058205117035,0.18441319699035405
water x air,"T2 sibling minus unrelated, different state, 100-400 km",0.07305053670181416,0.02219363344694711,0.14194309818546827
water x air,"T2 sibling minus unrelated, different state, >400 km",0.038474771933815086,0.01458192728258323,0.07883966765759702
water x air,T3 sibling premium (all states) <=100 km minus >400 km,0.09448755406648857,0.03289186980941722,0.14790045823085968
water x air,"T3 sibling premium, same state, <=100 km minus 100-400 km",0.01599697642927042,-0.05860105537215188,0.08009345590614696
water x air,"T3 sibling premium, different state, <=100 km minus >400 km",0.03171853282368317,-0.05845681064734962,0.14153286562331222
water x air,level: sibling same state <=100 km,0.19867224146615062,0.12412244188972846,0.26736521675206365
water x air,level: sibling different state <=100 km,0.05698152276640076,-0.02473220438421894,0.17201267257460656
water x air,level: unrelated same state <=100 km,0.06373216053525639,0.030000252954530293,0.10201130718560314
water x air,level: unrelated different state <=100 km,-0.01321178199109749,-0.03429507871537297,0.011858265578741502
water x air,level: sibling same state >400 km,0.19499030262410583,0.00853470794335819,0.3831933173266884
water x air,level: sibling different state >400 km,0.035954752719077575,0.012900633906189006,0.07600996196563503
