program,outcome,information,budget_share,recall,recall_sd,precision,base_rate,splits
air,any violation,NPDES major only,0.05,0.06486811189084218,0.009708309723680331,0.45612741264062967,0.35207974386929797,100
air,any violation,NPDES major only,0.1,0.12915619471770565,0.012728062832794436,0.4546033700255741,0.35207974386929797,100
air,any violation,NPDES major only,0.2,0.2581532896580224,0.01577919763099643,0.4543024348134862,0.35207974386929797,100
air,any violation,own program history,0.05,0.126964993798489,0.0057009104179488275,0.8928595394746712,0.35207974386929797,100
air,any violation,own program history,0.1,0.22675637860989095,0.009459438639282192,0.7983119495158859,0.35207974386929797,100
air,any violation,own program history,0.2,0.4003546049387027,0.013558900610681336,0.7043734725855674,0.35207974386929797,100
air,any violation,own program + own water,0.05,0.1267825810621315,0.005800121084642788,0.8916283563681173,0.35207974386929797,100
air,any violation,own program + own water,0.1,0.23489181216341276,0.009726185650302999,0.8266472473210004,0.35207974386929797,100
air,any violation,own program + own water,0.2,0.4126573406678986,0.014884659663309686,0.7258795329982504,0.35207974386929797,100
air,any violation,own program + own water + sister plants,0.05,0.1260634447113901,0.005525306282828276,0.8866422516200152,0.35207974386929797,100
air,any violation,own program + own water + sister plants,0.1,0.23609587603162285,0.009010268715896943,0.8309048855686365,0.35207974386929797,100
air,any violation,own program + own water + sister plants,0.2,0.41118215152796866,0.01383915536091983,0.7232783527032098,0.35207974386929797,100
air,any violation,sister plants only,0.05,0.07948920793478102,0.009475416405614724,0.5590643517661921,0.35207974386929797,100
air,any violation,sister plants only,0.1,0.14867647707167325,0.012813766443744632,0.5234016582673484,0.35207974386929797,100
air,any violation,sister plants only,0.2,0.27834451391673587,0.018983958445480793,0.48992389068884207,0.35207974386929797,100
air,most serious category,NPDES major only,0.05,0.08064330204677506,0.021849410186668188,0.1904230228469275,0.11832504093555869,100
air,most serious category,NPDES major only,0.1,0.1586408565340909,0.029875349968241323,0.18716619083251157,0.11832504093555869,100
air,most serious category,NPDES major only,0.2,0.32235968946140686,0.03585769803405738,0.19036172139101099,0.11832504093555869,100
air,most serious category,own program history,0.05,0.20786299518644377,0.018855228922162477,0.49064049788373976,0.11832504093555869,100
air,most serious category,own program history,0.1,0.3503694738095019,0.02615997987749882,0.4138875551834046,0.11832504093555869,100
air,most serious category,own program history,0.2,0.5450708544065553,0.030682360780963903,0.3222112179891855,0.11832504093555869,100
air,most serious category,own program + own water,0.05,0.20420804470575177,0.01789541939187873,0.4817987613383724,0.11832504093555869,100
air,most serious category,own program + own water,0.1,0.3691571151250208,0.026613104960866836,0.4361087807838176,0.11832504093555869,100
air,most serious category,own program + own water,0.2,0.566349819607584,0.03160720762477908,0.33474760644433166,0.11832504093555869,100
air,most serious category,own program + own water + sister plants,0.05,0.21179154328375305,0.019694542827069107,0.4995394199138272,0.11832504093555869,100
air,most serious category,own program + own water + sister plants,0.1,0.35564953291927787,0.02859505382763534,0.41996687684639666,0.11832504093555869,100
air,most serious category,own program + own water + sister plants,0.2,0.5754456530930655,0.03160775456058571,0.33999996502640184,0.11832504093555869,100
air,most serious category,sister plants only,0.05,0.11539418312484315,0.02104990889909489,0.2724748979139457,0.11832504093555869,100
air,most serious category,sister plants only,0.1,0.21626334072467504,0.0273171428553497,0.2556282765362037,0.11832504093555869,100
air,most serious category,sister plants only,0.2,0.36679760558980845,0.03129330794464741,0.21684890879949895,0.11832504093555869,100
rcra,any violation,NPDES major only,0.05,0.06576270766496001,0.011985308508952876,0.3991658036283621,0.3034498474509409,100
rcra,any violation,NPDES major only,0.1,0.13220935056390862,0.014669727176415766,0.4012868669185841,0.3034498474509409,100
rcra,any violation,NPDES major only,0.2,0.26267516464263496,0.018248064853858027,0.39867833054731533,0.3034498474509409,100
rcra,any violation,own program history,0.05,0.14699124968989785,0.00755343143407965,0.890437875809462,0.3034498474509409,100
rcra,any violation,own program history,0.1,0.25714425784390654,0.012781915289205838,0.77933875986556,0.3034498474509409,100
rcra,any violation,own program history,0.2,0.4386182292290687,0.014547571667816143,0.6652019427515669,0.3034498474509409,100
rcra,any violation,own program + own water,0.05,0.14837112049952733,0.007857906717417363,0.8988617298655103,0.3034498474509409,100
rcra,any violation,own program + own water,0.1,0.2665979985186826,0.012843258635157678,0.8078165348605417,0.3034498474509409,100
rcra,any violation,own program + own water,0.2,0.4432647760697506,0.016208708532684104,0.6720586704259255,0.3034498474509409,100
rcra,any violation,own program + own water + sister plants,0.05,0.14575607789210226,0.008105580683452303,0.882954895889105,0.3034498474509409,100
rcra,any violation,own program + own water + sister plants,0.1,0.26384963977977594,0.012441455010941533,0.7995949003182661,0.3034498474509409,100
rcra,any violation,own program + own water + sister plants,0.2,0.4507494205658261,0.01799599077568753,0.6833182614541855,0.3034498474509409,100
rcra,any violation,sister plants only,0.05,0.10086337823229878,0.008930582315106787,0.611119675286782,0.3034498474509409,100
rcra,any violation,sister plants only,0.1,0.17797025645486544,0.01794099111018797,0.5396871438009204,0.3034498474509409,100
rcra,any violation,sister plants only,0.2,0.3280881056053006,0.019572122724462526,0.4976689340036627,0.3034498474509409,100
rcra,most serious category,NPDES major only,0.05,0.07484769040194482,0.02529128502507313,0.10423088110188954,0.06939100419845062,100
rcra,most serious category,NPDES major only,0.1,0.14617556215125405,0.03585517965834276,0.10137878553404533,0.06939100419845062,100
rcra,most serious category,NPDES major only,0.2,0.28402739938904764,0.04692186373848221,0.09845824065793747,0.06939100419845062,100
rcra,most serious category,own program history,0.05,0.33914468612590504,0.034507053679859075,0.4697133468887615,0.06939100419845062,100
rcra,most serious category,own program history,0.1,0.47470476104059856,0.04633547098716086,0.32883621037547583,0.06939100419845062,100
rcra,most serious category,own program history,0.2,0.6727168792501138,0.05285774972651638,0.23312548648311476,0.06939100419845062,100
rcra,most serious category,own program + own water,0.05,0.335349878833895,0.03506902527779975,0.4640523964539171,0.06939100419845062,100
rcra,most serious category,own program + own water,0.1,0.4716272057331478,0.045371616018545544,0.32665237680022685,0.06939100419845062,100
rcra,most serious category,own program + own water,0.2,0.6694304529413116,0.05202490526941268,0.23201641381673674,0.06939100419845062,100
rcra,most serious category,own program + own water + sister plants,0.05,0.33880656572216133,0.03953291143749343,0.46881073309334165,0.06939100419845062,100
rcra,most serious category,own program + own water + sister plants,0.1,0.4692759052344732,0.047468296459301715,0.32490037648901743,0.06939100419845062,100
rcra,most serious category,own program + own water + sister plants,0.2,0.6477515879913658,0.0539015183892952,0.22455250039683936,0.06939100419845062,100
rcra,most serious category,sister plants only,0.05,0.15938226177279585,0.03823346035561516,0.22088200870403982,0.06939100419845062,100
rcra,most serious category,sister plants only,0.1,0.25506794590544923,0.042699979986172476,0.17711204230272254,0.06939100419845062,100
rcra,most serious category,sister plants only,0.2,0.404379194422066,0.051109388198159134,0.1403227481201731,0.06939100419845062,100
