program,outcome,spec,n,outcome_mean,sd_w_h,sd_p_h,b_p_h,se_p_h,b_w_h,se_w_h,b_firm_p_h,se_firm_p_h,b_firm_w_h,se_firm_w_h
air,future violation (any),own program + own water + major + class,2101,0.3507853403141361,0.3469610729574907,0.17591313623727495,0.8844347507882956,0.052365126645315375,0.11647574547403028,0.03038972010791723,,,,
air,future violation (any),+ sister plants,2101,0.3507853403141361,0.3469610729574907,0.17591313623727495,0.8657936862623056,0.05214181287353075,0.11305414713361386,0.03022378091244253,0.15148318470497213,0.10244344040475528,0.017464918651829798,0.04325939608473882
air,future violation (any),+ past evaluations,2101,0.3507853403141361,0.3469610729574907,0.17591313623727495,0.8743910389673705,0.055331988639827134,0.11293321748110659,0.030250701367740728,0.15285060506669126,0.10267935270919674,0.01789912858220459,0.04319556417904065
air,future violation (most serious),own program + own water + major + class,2101,0.11756306520704426,0.3469610729574907,0.17591313623727495,0.5710716569926076,0.0590001923316572,0.046522886038446114,0.020030144913357546,,,,
air,future violation (most serious),+ sister plants,2101,0.11756306520704426,0.3469610729574907,0.17591313623727495,0.5454020541978957,0.057852311390256476,0.04282105306603085,0.020451325605956607,0.21431634384209358,0.0762264724289637,0.015025702527632202,0.02925353863471195
air,future violation (most serious),+ past evaluations,2101,0.11756306520704426,0.3469610729574907,0.17591313623727495,0.5539629547618526,0.059619042027244426,0.042700636146327006,0.020472555383061166,0.21567796644237522,0.0762496894118233,0.015458071439942399,0.029271763372523428
air,"future evaluations, log(1+per year)",own program + own water + major + class,2101,0.6356948197312468,0.3469610729574907,0.17591313623727495,0.5207555683834231,0.13676922485763254,-0.11151568828256361,0.04682646931115833,,,,
air,"future evaluations, log(1+per year)",+ sister plants,2101,0.6356948197312468,0.3469610729574907,0.17591313623727495,0.5117822888781199,0.12679017084767508,-0.11275267197397058,0.0453730637695763,0.07524122679248593,0.19275639561698485,0.004742615364730483,0.0666807702095342
air,"future evaluations, log(1+per year)",+ past evaluations,2101,0.6356948197312468,0.3469610729574907,0.17591313623727495,-0.31538394285032983,0.10862016088324973,-0.10111782013051354,0.03945035838925757,-0.05632066052265555,0.1325107178106166,-0.03703347597558266,0.049529157668266856
rcra,future violation (any),own program + own water + major + class,2180,0.30642201834862387,0.348650291545948,0.1652476812162238,0.7504803555421247,0.05535530419437887,0.10180568156713665,0.026001090842758128,,,,
rcra,future violation (any),+ sister plants,2180,0.30642201834862387,0.348650291545948,0.1652476812162238,0.7304961098719299,0.05619082786547625,0.09802565710262837,0.02635079815740728,0.1366492352556718,0.0843868270785719,0.02046547578626295,0.03682588166658823
rcra,future violation (any),+ past evaluations,2180,0.30642201834862387,0.348650291545948,0.1652476812162238,0.6554607462446872,0.07266321883863615,0.09826095481651283,0.02640520823946401,0.11696937471888566,0.08649154878404755,0.021504814753185667,0.03669557136605151
rcra,future violation (most serious),own program + own water + major + class,2180,0.06880733944954129,0.348650291545948,0.1652476812162238,0.5154162425754273,0.06010229143814561,-0.006162562164856769,0.014957175515935704,,,,
rcra,future violation (most serious),+ sister plants,2180,0.06880733944954129,0.348650291545948,0.1652476812162238,0.5036486055347658,0.05765170354531521,-0.00961131199353721,0.014184381017715571,0.07380595218592548,0.07434011791311858,0.02239407145764551,0.02453452713386962
rcra,future violation (most serious),+ past evaluations,2180,0.06880733944954129,0.348650291545948,0.1652476812162238,0.3332389617744485,0.06906812053164267,-0.0090769372978927,0.013820402454060472,0.02911185248133087,0.069385273505121,0.024754470268789203,0.024069356015511502
rcra,"future evaluations, log(1+per year)",own program + own water + major + class,2180,0.23898667877537338,0.348650291545948,0.1652476812162238,1.1933038249670618,0.09783057363802432,-0.00963391801769151,0.02164035658289877,,,,
rcra,"future evaluations, log(1+per year)",+ sister plants,2180,0.23898667877537338,0.348650291545948,0.1652476812162238,1.1505965055454708,0.08708134130266093,-0.012240621997988359,0.021644639969250357,0.3218209411373014,0.14724695521551373,-0.00254037291604199,0.03520672416216419
rcra,"future evaluations, log(1+per year)",+ past evaluations,2180,0.23898667877537338,0.348650291545948,0.1652476812162238,0.0502138802621967,0.06947458653409683,-0.008790015462447192,0.013868292150434476,0.03321866674497116,0.062295947729609676,0.012701380914362813,0.02162729839104594
