program,action,industry,plant_years,plants,firms,outcome_mean,self,self_se,self_share_treated,sib_In1St1,sib_In1St1_se,sib_In1St1_share_treated,sib_In1St2,sib_In1St2_se,sib_In1St2_share_treated,sib_In2St1,sib_In2St1_se,sib_In2St1_share_treated,sib_In2St2,sib_In2St2_se,sib_In2St2_share_treated
air,penalty,NAICS-6,40571,5114,825,0.09570875748687487,0.002687609839864108,0.009769162230874857,0.06820142466293658,0.020905295325716968,0.013614947118504524,0.05622242488476991,0.001812384684265485,0.004993096135767842,0.22590027359443937,-0.0024362361701344127,0.011824675299411835,0.019496684824135465,0.00838643034300236,0.005337623942152715,0.15927633038377165
air,penalty,NAICS-4,40571,5114,825,0.09570875748687487,0.0026554117032483006,0.009766496976017582,0.06820142466293658,0.019780738803647252,0.012445385110258006,0.060412609992359076,0.003954510179706874,0.004774559156523798,0.25932316186438586,-0.0015477084939821862,0.011767850164664235,0.015109314535012694,0.00405662659223814,0.0069117717894645455,0.12590273840920854
air,any formal action,NAICS-6,40571,5114,825,0.09570875748687487,0.0030166192408444545,0.008606176858883121,0.08035296147494515,0.028110959758297704,0.012237754436390656,0.06425772103226443,0.006431676541139977,0.004973509199720772,0.25385127307682825,0.001977208836500585,0.0126507524013326,0.022035444036380667,0.0061865779647321435,0.004955838987218199,0.17364620048803334
water,penalty,NAICS-6,52877,7171,924,0.27492104317567184,0.024204363842796287,0.014746444152706727,0.017398869073510223,0.015978074124377257,0.016309630480939773,0.017379957259299885,0.005090747594678423,0.006982521345699857,0.08084800574919151,-0.018210562223933236,0.018937696050683333,0.005560073377839136,-0.01206753963350803,0.006630768671147333,0.06880118009720672
water,penalty,NAICS-4,52877,7171,924,0.27492104317567184,0.023945185303843226,0.014750584525959228,0.017398869073510223,0.010759680618941109,0.01704432281459037,0.019346785937174954,0.00427720690518922,0.006509855762038288,0.0998543790305804,-0.007891260404367051,0.019954187734485512,0.0033284793010193467,-0.01768675578072505,0.0072050533437639005,0.04669326928532254
water,any formal action,NAICS-6,52877,7171,924,0.27492104317567184,0.022929939655153646,0.011368925961022007,0.026892599807099495,0.018372467193457788,0.012907992319997952,0.024282769446072962,0.01164437894797164,0.005645584316629718,0.11471906499990545,-0.003995327963066616,0.015564637706046165,0.008075344667813983,-0.015446012996056442,0.006811795248170107,0.09599636893167161
"air outcome, water sibling actions",penalty,NAICS-6,40571,5114,825,0.09570875748687487,0.003904492691470968,0.009986628913619774,0.06820142466293658,-0.018150454917591582,0.01758515899955745,0.014172684922728057,-0.005493060021446331,0.006841336351120593,0.07944098001035223,-0.01591274496720714,0.017713386658984014,0.004190185107589165,-0.008312211096533838,0.009383011641012788,0.05775061004165537
"air outcome, water sibling actions",penalty,NAICS-4,40571,5114,825,0.09570875748687487,0.00394598135428141,0.00998669308035075,0.06820142466293658,-0.016052032967647283,0.01716614810005619,0.015084666387320993,-0.007825046486087709,0.006584118849700749,0.09358901678538858,-0.021153543324163904,0.020718885510061725,0.0032042591999211258,-0.0004896530069791293,0.011438657635921412,0.04111311034975722
"air outcome, water sibling actions",any formal action,NAICS-6,40571,5114,825,0.09570875748687487,0.005234636652460771,0.008810756488231193,0.08035296147494515,-0.005608563135881345,0.010942719386754406,0.02112346257178773,-0.0010988577379541242,0.005916305541133467,0.11417022010795888,-0.02319817609820723,0.012922759669154824,0.006162036922925242,-0.0056835692995885565,0.0079090755411286,0.08244805402873974
