ACTIVITY_ID,pnorm,plants,fy
1800069278,MOSAIC,2,2010
1800071105,AIRGAS,2,2010
1800075269,TRIDENT SEAFOODS,3,2010
1800091390,G,2,2010
1800106745,SMYRNA READY MIX,3,2010
1800108647,WEC ENERGY,2,2010
1800110292,HEIDELBERG MATERIALS,5,2010
1800110292,LEHIGH HANSON,2,2010
1800113396,BERKSHIRE HATHAWAY,2,2010
1800117588,NUCOR,5,2010
2200004610,EXXON MOBIL,7,2010
2200007099,BERKSHIRE HATHAWAY,2,2010
2200007099,TURBOCOMBUSTOR TECHNOLOGY,2,2010
2200009097,REAL ALLOY,2,2010
2200012566,MARATHON PETROLEUM,2,2010
2200017323,OGE ENERGY,2,2010
2200019129,AMALIE OIL,2,2010
2200019705,SUNCOKE ENERGY,2,2010
2200021286,HUSQVARNA,2,2010
2200029836,LOCKHEED MARTIN,2,2010
2600001393,KOCH,3,2011
2600005014,STELLA JONES,3,2011
2600011830,HEIDELBERG MATERIALS,3,2011
2600019587,CENTERBRIDGE CAPITAL PARTNERS III,2,2011
2600019587,HONEYWELL,17,2011
2600023329,GLOBAL PARTNERS,2,2011
2600026230,SOUTHWEST SHIPYARD,3,2011
2600027881,BERKSHIRE HATHAWAY,4,2011
2600035990,CABOT,2,2011
2600038750,TYSON FOODS,9,2011
2600049902,CRH AMERICAS,2,2011
2600053067,ANCHOR GLASS CONTAINER,2,2011
2600055578,ANCHOR GLASS CONTAINER,2,2011
2600055720,CRH AMERICAS,2,2011
2600066346,LOCKHEED MARTIN,2,2011
2600069976,KOCH,3,2012
2600081337,MARTIN MIDSTREAM PTNRS,3,2012
2600081337,MARTIN OPERATING PTNR,5,2012
3000014895,ENTERGY,3,2012
3000035926,ALLIANT ENERGY,7,2012
3000037143,HAIER APPLIANCE SOLUTIONS,2,2012
3000059279,HEXION,2,2012
3400030956,DEERE,2,2013
3400079837,BERKSHIRE HATHAWAY,3,2013
3400086849,PBS COALS,2,2013
3400139932,EDISON,2,2013
3400139932,NRG ENERGY,4,2013
3400151958,ARCHER DANIELS MIDLAND,5,2013
3400160711,DYNO NOBEL,2,2013
3400183348,SOUTHWEST SHIPYARD,2,2014
3400258840,DOW,4,2014
3400293443,HF SINCLAIR,3,2014
3600054940,SHELL PETROLEUM,3,2015
3600065889,FOLEY PRODUCTS,4,2014
3600065889,FORTERRA,2,2014
3600079579,ARGOS,12,2015
3600079579,SMYRNA READY MIX,12,2015
3600079579,SUMMIT MATERIALS,10,2015
3600106481,KOCH,2,2015
3600150085,PUERTO RICO ELECTRIC POWER AUTHORITY,3,2015
3600396362,HARTREE PARTNERS,4,2015
3600404922,CHEVRON PHILLIPS CHEMICAL,2,2015
3600670038,CONCRETE SUPPLY,2,2015
3600712206,DYNO NOBEL,2,2016
3600818635,KOPPERS,3,2016
3600820468,PROCESSING,6,2017
3600820834,AES,3,2016
3600831241,CHEVRON,2,2016
3600914083,HARCROS CHEMICALS,5,2017
3600997626,ORION ENGINEERED CARBONS,2,2017
3601201841,TRADEBE ENVIRONMENTAL SERVICES,2,2017
3601203953,QUAD GRAPHICS,6,2017
3601211111,DOMINION ENERGY,6,2017
3601213128,NUCOR,4,2017
3601509223,VALERO ENERGY,8,2018
3601699182,DELEK,2,2018
3601704471,HEXPOL,2,2018
3602131639,PECO FOODS,5,2019
3602469750,HILL BROTHERS CHEMICAL,2,2021
3602822160,CHEVRON,3,2021
3602997851,REPUBLIC STEEL,2,2022
3603018410,LYONDELLBASELL FINANCE,4,2022
3603372724,HEXION,7,2022
3603372724,WESTLAKE,3,2022
3603380603,WESTLAKE,2,2015
3603446225,PUBLIC SERVICE ENTERPRISE,2,2023
3603498149,PUERTO RICO ELECTRIC POWER AUTHORITY,2,2023
3603622820,ANHEUSER BUSCH COS,2,2023
3603736904,HILL BROTHERS CHEMICAL,2,2023
3603862429,VISHAY INTERTECHNOLOGY,2,2024
3603998860,ENERSYS,3,2024
3604091503,NORTHWEST DAIRY ASSOC,5,2024
