regime,program,outcome,plants,chronic_plants,mean,own,own_se,sibling,sib_se,own_firmFE,own_firmFE_se
1998 HPV Policy (2010-2014),air,ever violated,2784,1112,0.18139367816091953,0.07709864083885049,0.014721562249373621,-0.014711853762658697,0.01611953371165631,0.0668045363100356,0.019258052894400152
1998 HPV Policy (2010-2014),air,ever most serious (HPV/SNC),2784,1112,0.1411637931034483,0.07194290664737149,0.01378714543023812,-0.01782894601978201,0.013966783220027418,0.06596813321956523,0.017946270259921387
2014 HPV Policy (2015-2025),air,ever violated,4343,1235,0.3000230255583698,0.12681888456889834,0.01798604811976637,0.0010712985802775812,0.016935479227028212,0.1142711361595745,0.021708429892096447
2014 HPV Policy (2015-2025),air,ever most serious (HPV/SNC),4343,1235,0.09947041215749482,0.0753093568392929,0.01200618784214963,0.016816254679234213,0.008861847261427728,0.05217702252633308,0.014844077243828952
before eDMR (2010-2016),rcra,ever violated,3387,1161,0.31384706229701803,0.08914112930347466,0.017663789489146597,-0.025932697749628284,0.01825971318767061,0.0823056045338244,0.02316465607157658
before eDMR (2010-2016),rcra,ever most serious (HPV/SNC),3387,1161,0.056392087392973134,0.030046108716503855,0.009144160928585894,0.007480397764827393,0.008324318562575447,0.021593449947171807,0.011013373968482353
after eDMR Phase 1 (2017-2025),rcra,ever violated,4434,1208,0.2920613441587731,0.08788249312562171,0.014709573717188349,-0.05324336177664251,0.014996050836250803,0.09683249419720823,0.018532604116106802
after eDMR Phase 1 (2017-2025),rcra,ever most serious (HPV/SNC),4434,1208,0.05953991880920163,0.020984264705801836,0.009182551161540656,-0.018255583173469734,0.008471981553944784,0.014680551339400643,0.011436741241926
before eDMR (2010-2016),air,ever violated,3180,1153,0.22012578616352202,0.08405897314788363,0.01665812137784879,-0.007426976238130153,0.015226650410473328,0.07366645121723187,0.020774343506211945
before eDMR (2010-2016),air,ever most serious (HPV/SNC),3180,1153,0.14276729559748427,0.07156718823556087,0.014583246690206117,-0.010155584435688479,0.012252656538231854,0.05887085171985218,0.018128938795216824
after eDMR Phase 1 (2017-2025),air,ever violated,4093,1194,0.2948937209870511,0.1287024303721973,0.017217554794953974,-0.013146500401802414,0.017468866997688234,0.11710489077159938,0.02051974243294608
after eDMR Phase 1 (2017-2025),air,ever most serious (HPV/SNC),4093,1194,0.09210847788907892,0.06192532974863387,0.011376201834011007,0.014683641032629209,0.009026528186565748,0.040818748974512806,0.014173340465553769
