program,outcome,variable,coef,se,p,n,firms,mean_y,p_holm,p_bh
water,any_pen,own_same,0.1315802465726456,0.03140612398254053,2.794015438258836e-05,1340,415,0.6417910447761194,,
water,any_pen,own_other,-0.019160170835249877,0.025810719073512026,0.45788507883270946,1340,415,0.6417910447761194,,
water,any_pen,sib_same_state,0.06073997688211122,0.04534881681176017,0.18044212784641744,1340,415,0.6417910447761194,1.0,0.7217685113856698
water,any_pen,sib_other_state,-0.00115246626484114,0.04374565742233931,0.978982401028417,1340,415,0.6417910447761194,1.0,0.9988216259522701
water,lpen,own_same,0.32049012534791754,0.18596333495831863,0.08481532684206833,860,331,9.297691334581401,,
water,lpen,own_other,0.043619411407980035,0.11780256898847626,0.7111771870576549,860,331,9.297691334581401,,
water,lpen,sib_same_state,0.027734996127270165,0.18152308824151037,0.8785635213278582,860,331,9.297691334581401,1.0,0.9988216259522701
water,lpen,sib_other_state,-0.022249252502406724,0.2016321221429461,0.9121351567911965,860,331,9.297691334581401,1.0,0.9988216259522701
air,any_pen,own_same,0.037997603390080334,0.01730523409506284,0.02811135016818594,3155,498,0.8446909667194928,,
air,any_pen,own_other,0.015327609229079484,0.01287510805291337,0.23385624263055416,3155,498,0.8446909667194928,,
air,any_pen,sib_same_state,0.021538691962093823,0.02263384678455944,0.34129263331876214,3155,498,0.8446909667194928,1.0,0.9988216259522701
air,any_pen,sib_other_state,-0.004434019901521857,0.022544012088410215,0.844075754104577,3155,498,0.8446909667194928,1.0,0.9988216259522701
air,lpen,own_same,0.9753331831193068,0.11465179304143643,1.7862070328559888e-17,2665,473,9.919706341022374,,
air,lpen,own_other,0.38349588199965945,0.0679813727559575,1.68878273455388e-08,2665,473,9.919706341022374,,
air,lpen,sib_same_state,0.2652254335592278,0.13755495432501325,0.05383751236340487,2665,473,9.919706341022374,0.6460501483608585,0.6460501483608585
air,lpen,sib_other_state,0.03638232312903639,0.12000429980911738,0.7617563760355969,2665,473,9.919706341022374,1.0,0.9988216259522701
rcra,any_pen,own_same,0.07853961169583987,0.04128258116262231,0.057107397495336235,687,255,0.75254730713246,,
rcra,any_pen,own_other,-0.047425975448204406,0.03215546226388718,0.1402403990619113,687,255,0.75254730713246,,
rcra,any_pen,sib_same_state,0.0019886672026097514,0.054538687561845094,0.9709128439851236,687,255,0.75254730713246,1.0,0.9988216259522701
rcra,any_pen,sib_other_state,0.018924875073546853,0.05815501225591007,0.7448622970497516,687,255,0.75254730713246,1.0,0.9988216259522701
rcra,lpen,own_same,0.3027857670120556,0.16502257801790773,0.06653322609873125,517,227,9.92452418013585,,
rcra,lpen,own_other,0.20135807748207826,0.1216019615905575,0.09774642021829535,517,227,9.92452418013585,,
rcra,lpen,sib_same_state,0.0003021036846942512,0.20455625157217586,0.9988216259522701,517,227,9.92452418013585,1.0,0.9988216259522701
rcra,lpen,sib_other_state,-0.26861926274204406,0.19467493639660502,0.16763749803452888,517,227,9.92452418013585,1.0,0.7217685113856698
pooled,any_pen,own_same,0.09828080054733533,0.015671441558997544,3.57974222092169e-10,5182,655,0.7800077190274025,,
pooled,any_pen,own_other,-0.011693941976422357,0.011956662670325571,0.32806084406223324,5182,655,0.7800077190274025,,
pooled,any_pen,sib_same_state,0.019864680600659497,0.01935047237216014,0.30462137532305167,5182,655,0.7800077190274025,,
pooled,any_pen,sib_other_state,0.0015382286915101278,0.020479571036413992,0.9401268763391861,5182,655,0.7800077190274025,,
pooled,lpen,own_same,0.7261651508388545,0.08751626782494006,1.0633615644661643e-16,4042,612,9.787978957866123,,
pooled,lpen,own_other,0.29114435511625475,0.0555021447345503,1.5573945604806224e-07,4042,612,9.787978957866123,,
pooled,lpen,sib_same_state,0.1637948480788184,0.10967708987028883,0.1353251616438822,4042,612,9.787978957866123,,
pooled,lpen,sib_other_state,0.05614162060089281,0.09654856973413826,0.5609130977809296,4042,612,9.787978957866123,,
