test,year,coef,se
E22a air violation (validation),2010,0.0019605737720413286,0.07984767261897846
E22a air violation (validation),2012,-0.01846584193197863,0.0473631916837558
E22a air violation (validation),2013,0.04439619273530631,0.07968217034926377
E22a air violation (validation),2014,0.045315406254631437,0.07279256443970177
E22a air violation (validation),2015,0.06076670979431261,0.06050550026730856
E22a air violation (validation),2016,0.11118486113261826,0.0770810086541554
E22a air violation (validation),2017,-0.020286113461855982,0.06714091369478331
"E22b water violation, same plants",2010,0.053981914020007946,0.14258497370480855
"E22b water violation, same plants",2012,0.05185791620182985,0.09650388905499477
"E22b water violation, same plants",2013,-0.11471015966026889,0.09336606723142006
"E22b water violation, same plants",2014,-0.0980070820803199,0.09060037866901484
"E22b water violation, same plants",2015,-0.059786109994837265,0.09651513778251139
"E22b water violation, same plants",2016,-0.05463632158543596,0.053377791691290345
"E22b water violation, same plants",2017,-0.04460463346242259,0.057890020752289176
"E22c water violation, out-of-state sister plants",2010,0.0299324665925873,0.028279930337728524
"E22c water violation, out-of-state sister plants",2012,0.012444072519571966,0.024834629154898813
"E22c water violation, out-of-state sister plants",2013,0.030867940733810977,0.02488169417140443
"E22c water violation, out-of-state sister plants",2014,0.020806872103943944,0.026104349026100808
"E22c water violation, out-of-state sister plants",2015,-0.031395703964461015,0.029043776543280622
"E22c water violation, out-of-state sister plants",2016,0.006043874768896168,0.032881045321701344
"E22c water violation, out-of-state sister plants",2017,-0.021544899048577308,0.035359020369808994
"E22c air violation, out-of-state sister plants",2010,0.006354821070163372,0.021232109812874378
"E22c air violation, out-of-state sister plants",2012,-0.01044694212101727,0.020867256195395152
"E22c air violation, out-of-state sister plants",2013,-0.018767745750445368,0.020281252614028376
"E22c air violation, out-of-state sister plants",2014,0.00495760112863214,0.016774138410329334
"E22c air violation, out-of-state sister plants",2015,0.029256316854932483,0.020645717353980544
"E22c air violation, out-of-state sister plants",2016,0.016857246286901356,0.025653630427938737
"E22c air violation, out-of-state sister plants",2017,-0.014028257468518868,0.01511894250449692
