group,outcome,event_time,coef,se
hit plant,any_e90,-3,0.012260400636534672,0.016446493031746997
hit plant,any_e90,-2,0.003071712742297557,0.01340780488996041
hit plant,any_e90,0,-0.0009840712321091574,0.013028020211945891
hit plant,any_e90,1,-0.015110771797026969,0.015500978981395698
hit plant,any_e90,2,-0.014992827308629978,0.01678072097685021
hit plant,any_e90,3,-0.03213109861662433,0.017548517491503858
hit plant,any_air,-3,0.00697454546795147,0.011195928561236827
hit plant,any_air,-2,0.013454492387265914,0.009761730087062598
hit plant,any_air,0,0.02100496653273899,0.010841902884877153
hit plant,any_air,1,0.014258023752581991,0.011114265186513487
hit plant,any_air,2,-0.0006213994768767996,0.010459318209943091
hit plant,any_air,3,0.005096696216363355,0.012122063750498208
hit plant,any_rcra,-3,0.01118765715946207,0.014616498191259729
hit plant,any_rcra,-2,0.010750717841601917,0.013140911672082749
hit plant,any_rcra,0,-0.005705586964562289,0.012394659968352366
hit plant,any_rcra,1,-0.0027629290624510082,0.012277559235091258
hit plant,any_rcra,2,0.014733054616070386,0.012573548539734646
hit plant,any_rcra,3,0.004749511773807896,0.0123190458425318
unaffected sister plant,any_e90,-3,-0.002781345938826903,0.008205198231158492
unaffected sister plant,any_e90,-2,-0.0027033880133728724,0.006026406981690656
unaffected sister plant,any_e90,0,-0.0022962551044501864,0.005429929194831304
unaffected sister plant,any_e90,1,-0.0038600594606927243,0.006516599954984404
unaffected sister plant,any_e90,2,-0.007394561669221576,0.008566000835004882
unaffected sister plant,any_e90,3,-0.012201660645425364,0.009434178138656135
unaffected sister plant,any_air,-3,-0.005794582492693748,0.005965165622775709
unaffected sister plant,any_air,-2,-0.006002845908010141,0.004935558306378286
unaffected sister plant,any_air,0,-0.0002758787589229395,0.005451843030826055
unaffected sister plant,any_air,1,0.004602158642272326,0.005909135936102961
unaffected sister plant,any_air,2,0.00874834893472294,0.006206050890226654
unaffected sister plant,any_air,3,0.004636090887205972,0.007373317165485721
unaffected sister plant,any_rcra,-3,-0.004755923455775537,0.006086143547553314
unaffected sister plant,any_rcra,-2,-0.004942443980170922,0.005072242426204364
unaffected sister plant,any_rcra,0,0.005001240641340392,0.0050219185504051765
unaffected sister plant,any_rcra,1,0.0022118748057777964,0.005845959334861586
unaffected sister plant,any_rcra,2,0.005763573804069424,0.0057816684830765104
unaffected sister plant,any_rcra,3,-0.0030269574583005688,0.007088110124181593
