program,sample,method,firm,plant,resid,converged,llf
air,all,lbfgs,1.3120978474395695e-05,0.41811699556945575,0.5818698834520699,False,-5582.006378023158
air,all,powell,0.04384008226000996,0.178734523163542,0.7774253945764481,True,-4984.93310207504
air,all,nm,0.043838009014129715,0.17874474520154,0.7774172457843302,True,-4984.933104058116
air,all,moment (plant means),0.08727982314977505,0.20374433925841662,0.7089758375918084,,
air,covered subset,lbfgs,0.0018533722262052959,0.37927092222831593,0.6188757055454788,False,-7723.725453182793
air,covered subset,powell,0.038494761460898,0.17606372827271713,0.7854415102663849,True,-7410.3469221952255
air,covered subset,nm,0.03879128713477046,0.17593500753054536,0.7852737053346842,True,-7410.345421605452
air,covered subset,moment (plant means),0.0890722565539621,0.19956089494882878,0.7113668484972092,,
rcra,covered subset,lbfgs,0.07621527625947405,0.09745892474360035,0.8263257989969256,False,-6497.585535239152
rcra,covered subset,powell,0.028002879409477682,0.08602906575972939,0.8859680548307929,True,-6471.885509504398
rcra,covered subset,nm,0.028277672744971713,0.08591617144202397,0.8858061558130044,True,-6471.884276415716
rcra,covered subset,moment (plant means),0.047170991345514675,0.1335004652588394,0.819328543395646,,
