program,statistic,estimate,ci_low,ci_high
air,"water x program, same plant",0.19350334321308996,0.14962711128882816,0.23138741354995584
air,"water x program, sibling same state",0.17913458986659117,0.11509305958520125,0.23430526584364872
air,"water x program, sibling other state",0.041852968027133834,0.014951252782744288,0.0798476544304127
air,"water x program, unrelated same state",0.03375034415666274,0.012623082253929569,0.05944129639167851
air,contrast: same plant minus sibling same state,0.014368753346498786,-0.033867969207225554,0.06884142782633436
air,contrast: sibling other state minus unrelated same state,0.008102623870471094,-0.025132976674508745,0.044677091472544624
air,"program x program, sibling same state",0.3406846823291398,0.2541623526745363,0.41250601748405474
air,"program x program, sibling other state",0.055216697138973064,0.026287783500309452,0.09727466258910958
air,"program x program, unrelated same state",0.10220308588925577,0.07684247015980182,0.13140494880263487
air,contrast: program sibling other state minus unrelated,-0.0469863887502827,-0.08766403949074368,-0.003569922598800391
rcra,"water x program, same plant",0.12876886651934386,0.08979893001627016,0.1639939566431456
rcra,"water x program, sibling same state",0.0898739255945568,0.034176823472332585,0.14747116822071102
rcra,"water x program, sibling other state",-0.001514567932105485,-0.017873238668940607,0.02608226173397413
rcra,"water x program, unrelated same state",0.019716830265324774,0.003936376800897847,0.038816795937377246
rcra,contrast: same plant minus sibling same state,0.038894940924787055,-0.013143000749068042,0.08686708167313081
rcra,contrast: sibling other state minus unrelated same state,-0.021231398197430258,-0.047990327931725356,0.009082667940174611
rcra,"program x program, sibling same state",0.25521056324079344,0.1965233486129647,0.32379247853019977
rcra,"program x program, sibling other state",0.14063655388849594,0.0516145894939552,0.24096284846473945
rcra,"program x program, unrelated same state",0.022899267241741898,0.009858972738707948,0.03613855395980666
rcra,contrast: program sibling other state minus unrelated,0.11773728664675404,0.026388967535593687,0.21520983809021715
