program,outcome,definition,chronic_plants,own,own_se,sibling,sib_se,own_firmFE,own_firmFE_se
air,ever violated,at least 4 violation years,1390,0.2117437320472865,0.018208883980998247,0.003233113875059826,0.014597002619796351,0.19662117494370673,0.021748376916558492
air,ever HPV,at least 4 violation years,1390,0.1355822039386176,0.01424717363349869,0.01765731006604733,0.00875367391897859,0.11582909803377779,0.017602714252324212
air,ever violated,at least 6 years (main),1014,0.23151027874246166,0.01966697366849589,0.006063174657394406,0.014133629073237574,0.21265048850688312,0.023375058899530256
air,ever HPV,at least 6 years (main),1014,0.15547593869661036,0.01633020589597764,0.014944721911898247,0.008767807677879198,0.12655325152910457,0.019950598335028023
air,ever violated,at least 8 years,736,0.2429307051609491,0.021229926817953743,0.023717468213065102,0.014208532402572326,0.21863765316991163,0.02412809999586346
air,ever HPV,at least 8 years,736,0.16726775398742627,0.019755456409387077,0.023164871644524222,0.009360286406822333,0.1412537981305784,0.023733778607742274
air,ever violated,top decile of water violation rate,621,0.19530014017231692,0.02057574294235679,0.02166645051650025,0.01393995829019537,0.17427621619155304,0.023323591019927304
air,ever HPV,top decile of water violation rate,621,0.16290027570542776,0.019805887614731208,0.0263534307465257,0.009428291737806734,0.13946437495024905,0.023496215319673806
rcra,ever violated,at least 4 violation years,1413,0.20965488856477976,0.015495686684896086,-0.03236611404622922,0.013454483735648266,0.22330805775391388,0.018475934717016584
rcra,ever SNC,at least 4 violation years,1413,0.0557176399690704,0.009969618928837447,-0.012809170063952205,0.0076462726740534155,0.051517527295709964,0.01188890502689949
rcra,ever violated,at least 6 years (main),1023,0.21268050982418557,0.017865194756515483,-0.021188773479439035,0.012875680994296139,0.2159567892842796,0.021918963711646533
rcra,ever SNC,at least 6 years (main),1023,0.06481944515522894,0.012223708547833717,-0.008631552567861888,0.007389314196741459,0.057317565217306694,0.014505124186685375
rcra,ever violated,at least 8 years,731,0.22006336982266642,0.018483925694727097,-0.0006502289883246054,0.012866655888107842,0.21489850699161855,0.022125081415430608
rcra,ever SNC,at least 8 years,731,0.07316086532923857,0.015030976048294372,-0.0008384038891531237,0.0073025073187810655,0.05976075584276587,0.01759912972605845
rcra,ever violated,top decile of water violation rate,633,0.1816514281201036,0.020279344600481242,-0.008875841164089276,0.01302026582326689,0.17614153935147253,0.023501303255735562
rcra,ever SNC,top decile of water violation rate,633,0.060024384657940494,0.015132866703777904,0.0049208614652061595,0.007204142358579216,0.04227620889525072,0.016998088838773812
