analysis,model,n,method,llf,converged,firm,firm_within_state,plant,resid,best,llf_gap_to_best
E1/fixed core,"log(1+effluent violations), primary sample",55560,lbfgs,-50582.92960788694,True,0.08077048673284322,,0.3537243891075992,0.5655051241595576,False,1.5719560906291008e-05
E1/fixed core,"log(1+effluent violations), primary sample",55560,powell,-50582.92959216738,True,0.08079947100400206,,0.3537262440513632,0.5654742849446347,True,0.0
E1/fixed core,"log(1+effluent violations), primary sample",55560,nm,-50582.92959569843,True,0.08078129858056027,,0.3537323022113667,0.565486399208073,False,3.5310513339936733e-06
E1,"log(1+reporting violations), primary sample",55560,lbfgs,-94517.97520066227,True,0.08842368473596132,,0.11348687897914478,0.7980894362848939,False,345.56783398386324
E1,"log(1+reporting violations), primary sample",55560,powell,-94172.40808082843,True,0.025211205048144975,,0.2219382810382191,0.7528505139136359,False,0.0007141500245779753
E1,"log(1+reporting violations), primary sample",55560,nm,-94172.40736667841,True,0.025355446112061895,,0.2218809770767754,0.7527635768111627,True,0.0
E2,"nested firm/firm-state/plant, log(1+effluent)",55560,lbfgs,-50481.6229833205,True,0.049308368574885665,0.13778606923347267,0.24861693342636998,0.5642886287652717,True,0.0
E2,"nested firm/firm-state/plant, log(1+effluent)",55560,powell,-50481.69860799721,True,0.05209960676403092,0.13606842713956868,0.24820946902357027,0.5636224970728302,False,0.07562467671232298
E2,"nested firm/firm-state/plant, log(1+effluent)",55560,nm,-50481.62298570684,True,0.04929880489585442,0.13780483013932157,0.24860620608397224,0.5642901588808518,False,2.3863394744694233e-06
E2,"nested firm/firm-state/plant, any effluent",55560,lbfgs,-23539.906505040068,True,0.06319600454011193,0.11155459435582836,0.23054450736325716,0.5947048937408026,False,6.612797733396292e-06
E2,"nested firm/firm-state/plant, any effluent",55560,powell,-23539.906791742775,True,0.06336611162796561,0.11152401404211662,0.23050750209738022,0.5946023722325376,False,0.0002933155046775937
E2,"nested firm/firm-state/plant, any effluent",55560,nm,-23539.90649842727,True,0.06323117677122472,0.11149589993286073,0.2305801480328221,0.5946927752630926,True,0.0
E3,"log(1+TRI water releases), TRI plants",25720,lbfgs,-46087.76827681225,True,0.26651451728946507,,0.6478037348784267,0.0856817478321083,False,5.47879608348012e-05
E3,"log(1+TRI water releases), TRI plants",25720,powell,-46087.768222024286,True,0.26660886145152474,,0.6477321161534745,0.08565902239500085,True,0.0
E3,"log(1+TRI water releases), TRI plants",25720,nm,-46087.76822209099,True,0.2666045244505916,,0.6477364415069072,0.08565903404250119,False,6.670597940683365e-08
E3,"log(1+effluent violations), TRI plants",25720,lbfgs,-23972.783144846762,True,0.088113175523664,,0.426462142156534,0.485424682319802,False,1.8414226360619068e-05
E3,"log(1+effluent violations), TRI plants",25720,powell,-23972.7838309707,True,0.08767072009395592,,0.4267363487293061,0.485592931176738,False,0.0007045381644275039
E3,"log(1+effluent violations), TRI plants",25720,nm,-23972.783126432536,True,0.08803453221681744,,0.42651046061402187,0.48545500716916073,True,0.0
E4d,"log(1+median exceedance %), violating plant-years",12382,lbfgs,-28720.41026337404,True,0.0002815965610741012,,0.2758586557338193,0.7238597477051066,False,1.049450033417088
E4d,"log(1+median exceedance %), violating plant-years",12382,powell,-28719.37186989849,True,0.007704087579556249,,0.26716103156859994,0.7251348808518439,False,0.011056557865231298
E4d,"log(1+median exceedance %), violating plant-years",12382,nm,-28719.360813340623,True,0.008644000844252764,,0.26636530918646567,0.7249906899692816,True,0.0
E5b,share of limited parameters violated,38458,lbfgs,47629.621016376565,True,0.060410012776814744,,0.2867305311127998,0.6528594561103855,False,2.1931191440671682e-06
E5b,share of limited parameters violated,38458,powell,47629.621018569684,True,0.060390153852243396,,0.2867405146989347,0.652869331448822,True,0.0
E5b,share of limited parameters violated,38458,nm,47629.62101842195,True,0.06039374928648026,,0.28677643931824376,0.652829811395276,False,1.4773104339838028e-07
E7,"air: any_air, all plants with a program ID",42791,lbfgs,-5582.006378023158,False,1.3120978474395695e-05,,0.41811699556945575,0.5818698834520699,False,597.073275948118
E7,"air: any_air, all plants with a program ID",42791,powell,-4984.93310207504,True,0.04384008226000996,,0.178734523163542,0.7774253945764481,True,0.0
E7,"air: any_air, all plants with a program ID",42791,nm,-4984.933104058116,True,0.043838009014129715,,0.17874474520154,0.7774172457843302,False,1.983076799660921e-06
E7,"air: any_e90 (water), all plants with a program ID",42791,lbfgs,-19582.390914810792,True,0.0843344754456096,,0.325611615732261,0.5900539088221294,True,0.0
E7,"air: any_e90 (water), all plants with a program ID",42791,powell,-19582.390914920397,True,0.08433260577524426,,0.3256107292410653,0.5900566649836905,False,1.0960502550005913e-07
E7,"air: any_e90 (water), all plants with a program ID",42791,nm,-19582.390915928117,True,0.08433541002156403,,0.32562059490050255,0.5900439950779335,False,1.1173251550644636e-06
E7,"air: any_air, covered subset",30659,lbfgs,-7723.725453182793,False,0.0018533722262052959,,0.37927092222831593,0.6188757055454788,False,313.38003157734056
E7,"air: any_air, covered subset",30659,powell,-7410.3469221952255,True,0.038494761460898,,0.17606372827271713,0.7854415102663849,False,0.0015005897730588913
E7,"air: any_air, covered subset",30659,nm,-7410.345421605452,True,0.03879128713477046,,0.17593500753054536,0.7852737053346842,True,0.0
E7,"air: any_e90 (water), covered subset",30659,lbfgs,-15355.187372112501,True,0.08394467386414795,,0.32038352684886096,0.5956717992869911,False,2.7584610506892204e-07
E7,"air: any_e90 (water), covered subset",30659,powell,-15355.187371836655,True,0.08395282610497776,,0.3203782308639037,0.5956689430311185,True,0.0
E7,"air: any_e90 (water), covered subset",30659,nm,-15355.187372251647,True,0.08396566152499431,,0.3203735714688131,0.5956607670061925,False,4.149915184825659e-07
E7,"rcra: any_rcra, all plants with a program ID",45340,lbfgs,-5050.333396929636,True,0.050067077941043675,,0.09034192867615595,0.8595909933828004,True,0.0
E7,"rcra: any_rcra, all plants with a program ID",45340,powell,-5050.334360697976,True,0.05001399422816524,,0.09020090872205491,0.8597850970497799,False,0.000963768339715898
E7,"rcra: any_rcra, all plants with a program ID",45340,nm,-5050.333415254776,True,0.05007215270961976,,0.09031784980556022,0.8596099974848199,False,1.8325139535591006e-05
E7,"rcra: any_e90 (water), all plants with a program ID",45340,lbfgs,-20021.63868701359,True,0.08440003409439317,,0.3241902267321116,0.591409739173495,False,3.4051481634378433e-09
E7,"rcra: any_e90 (water), all plants with a program ID",45340,powell,-20021.638687010185,True,0.08440283642568427,,0.32418586244402464,0.5914113011302911,True,0.0
E7,"rcra: any_e90 (water), all plants with a program ID",45340,nm,-20021.638688707724,True,0.08438923316609175,,0.3241992045910457,0.5914115622428625,False,1.6975391190499067e-06
E7,"rcra: any_rcra, covered subset",14755,lbfgs,-6497.585535239152,False,0.07621527625947405,,0.09745892474360035,0.8263257989969256,False,25.701258823435637
E7,"rcra: any_rcra, covered subset",14755,powell,-6471.885509504398,True,0.028002879409477682,,0.08602906575972939,0.8859680548307929,False,0.0012330886820564047
E7,"rcra: any_rcra, covered subset",14755,nm,-6471.884276415716,True,0.028277672744971713,,0.08591617144202397,0.8858061558130044,True,0.0
E7,"rcra: any_e90 (water), covered subset",14755,lbfgs,-7094.119251357028,True,0.11204536628583897,,0.3357805380371322,0.5521740956770288,True,0.0
E7,"rcra: any_e90 (water), covered subset",14755,powell,-7094.119251367243,True,0.1120454319909016,,0.3357793637032771,0.5521752043058213,False,1.021544449031353e-08
E7,"rcra: any_e90 (water), covered subset",14755,nm,-7094.1192516997835,True,0.11203908581056331,,0.3357775027846873,0.5521834114047494,False,3.4275581128895283e-07
